Id;SerialNumber;JobNr;Model;Description;Customer;FinalUser;Country;ManufactureDate;InstallationDate;MaterialType;ProductionRate;TotalPower;TotalWater;Certification
0;130;P20-043;A-PLUS-HC;A-105-HC-FF-V;Linpac Poland;Linpac Poland;;2021-01;2021-01;PE-PP;450;200;;
1;145;P22-069;A-PLUS-HC;A-105-HC-SF-V;LINPAC PACKAGING LTD UK;LINPAC PACKAGING LTD UK;;2023-01;2023-01;PE-PP;450;200;;
2;14;P19-099;A-35-AC;A-35-AC;PT AMG;PT AMG;;2019-01;2019-01;PE-PP;35;68;;
3;28;P19-094;A-35-AC;A-35-AC;Alfaplas;Alfaplas;;2019-01;2019-01;PE-PP;35;68;;
4;62;P19-073;A-35-AC;A-35-AC;BKC;BKC;;2020-01;2020-01;PE-PP;35;68;;
5;67;P20-001;A-35-AC;A-35-AC;COLLY MARTIN;COLLY MARTIN;;2020-01;2020-01;PE-PP;35;68;;
6;76;P20-002;A-35-AC;A-35-AC;Polipack;Polipack;;2020-01;2020-01;PE-PP;35;68;;
7;77;P19-105;A-35-AC;A-35-AC;Baesweiler folien GMBH;Baesweiler folien GMBH;;2020-01;2020-01;PE-PP;35;68;;
8;78;P20-006;A-35-AC;A-35-AC;Plastigaur;Plastigaur;;2020-01;2020-01;PE-PP;35;68;;
9;79;P20-004;A-35-AC;A-35-AC;Plastigaur;Plastigaur;;2020-01;2020-01;PE-PP;35;68;;
10;104;P20-033;A-35-AC;A-35-AC;BKC;BKC;;2020-01;2020-01;PE-PP;35;68;;
11;352; P24-031;A-35-AC;A-35-AC-TB-B&R-3N-400V-50Hz;RAJOO;RAJOO;;2024-01;2024-01;PE-PP;35;68;;
12;146;P21-024;A-35-AC;A-35-AC-TB-CE-400-3N;REIFENHAUSER PRIVATE LTD - MULTIBAX;REIFENHAUSER PRIVATE LTD - MULTIBAX;;2021-01;2021-01;PE-PP;35;68;;
13;147;P21-025;A-35-AC;A-35-AC-TB-CE-400-3N;Plasmac;Plasmac;;2021-01;2021-01;PE-PP;35;68;;
14;148;P21-027;A-35-AC;A-35-AC-TB-CE-400-3N;Plasmac;Plasmac;;2021-01;2021-01;PE-PP;35;68;;
15;13;P19-010;A-XS-AC;A-40-AC-RF;Ribeyron;Ribeyron;;2019-01;2019-01;PE-PP;45;20;;
16;36;P19-028;A-XS-AC;A-45-AC;Bandera / Sakos;Bandera / Sakos;;2019-01;2019-01;PE-PP;45;20;;
17;73;P20-034;A-XS-AC;A-45-AC-RF-TB-MSC;Samco;Samco;;2020-01;2020-01;PE-PP;45;20;;
18;5;P19-006;A-XS-AC;A-45-AC-RF;OP Nilsson;OP Nilsson;;2019-01;2019-01;PE-PP;45;20;;
19;6;P19-029;A-XS-AC;A-45-AC-RF-MSC;Termoplast;Termoplast;;2019-01;2019-01;PE-PP;45;20;;
20;1;P19-012;A-XS-AC;A-45-AC-RF-HF-MSC;Packages Lanka;Packages Lanka;;2019-01;2019-01;PE-PP;45;20;;
21;41;P19-092;A-XS-AC;A-45-AC-RF-TB;Liton;Liton;;2019-01;2019-01;PE-PP;45;20;;
22;18;P19-020;A-XS-AC;A-45-AC-RF-TB-MSC; Kaszmir; Kaszmir;;2019-01;2019-01;PE-PP;45;20;;
23;31;P19-070;A-XS-AC;A-45-AC-Supatrim;Ribeyron;Ribeyron;;2019-01;2019-01;PE-PP;45;20;;
24;81;P20-013;A-XS-AC;A-45-AC-TB;Polyfilm Nigeria;Polyfilm Nigeria;;2020-01;2020-01;PE-PP;45;20;;
25;97;P20-028;A-XS-AC;A-45-AC-TB-HF-MSC;GLOBE AGENCIES / MDV ;GLOBE AGENCIES / MDV ;;2020-01;2020-01;PE-PP;45;20;;
26;109;P20-030;A-XS-AC;A-45-AC-TB-HF-SR;Lordsmint;Lordsmint;;2020-01;2020-01;PE-PP;45;20;;
27;86;P20-024;A-XS-AC;A-45-AC-TB-RF;ANKATEKNIK PLASTIK / MAYA;ANKATEKNIK PLASTIK / MAYA;;2020-01;2020-01;PE-PP;45;20;;
28;103;P20-024;A-XS-AC;A-45-AC-TB-RF;ANKATEKNIK PLASTIK / MAYA;ANKATEKNIK PLASTIK / MAYA;;2020-01;2020-01;PE-PP;45;20;;
29;180;P21-050;A-XS-AC;A-45-AC-TB-RF-HF-MCF-400-50-SIDEPANEL;Karawia;Karawia;;2021-01;2021-01;PE-PP;45;20;;
30;83;P20-018;A-XS-AC;A-45-AC-TB-RF-MSC;Atlantic Packaging;Atlantic Packaging;;2020-01;2020-01;PE-PP;45;20;;
31;119;P21-002;A-XS-AC;A-45-AC-TB-S-CE-4003N-NOSR;Rhone Alpes;Rhone Alpes;;2021-01;2021-01;PE-PP;45;20;;
32;29;P19-070;A-XS-AC;A-45-AC-TB;Ribeyron;Ribeyron;;2019-01;2019-01;PE-PP;45;20;;
33;30;P19-070;A-XS-AC;A-45-AC-TB;Ribeyron;Ribeyron;;2019-01;2019-01;PE-PP;45;20;;
34;38;P19-048;A-XS-AC;A-45-AC-TB-Handfeed;Radiant/Jaykal/Quantum;Radiant/Jaykal/Quantum;;2019-01;2019-01;PE-PP;45;20;;
35;315;P23-038;A-45-HC;A-45-HC-FF-MSC-1-CE-400/50-3N;SILCART;SILCART;;2024-01;2024-01;PE-PP;45;20;;
36;298;P23-027;A-45-HC;A-45-HC-FF-RF-MSC-1-CE-400-50-NOAB;BASELL POLIOLEFINE ITALIA SRL;BASELL POLIOLEFINE ITALIA SRL;ITALY;2023-01;2023-01;PE-PP;45;20;;
37;122;P20-035;A-45-HC;A-45-HCHF-RF,predisp.TB-MCF-B&R-CE-4003N;Tub-ex;Tub-ex;;2021-01;2021-01;PE-PP;45;20;;
38;164;P21-033;A-45-HC;A-45-HC-RF-TB-MCF-B&R-CE-480V-60Hz-3N;SY USA / Packaging Personified;SY USA / Packaging Personified;USA;2021-01;2021-01;PE-PP;45;20;;
39;161;P21-032;A-45-HC;A-45-HC-TB-B&R-CE-4803N;SY USA;SY USA;USA;2021-01;2021-01;PE-PP;45;20;;
40;179;P21-048;A-45-HC;A-45-HC-V-SILO-MCF-400-50-SIDEPANEL;AMPACET Brembate;AMPACET Brembate;USA;2022-01;2022-01;PE-PP;45;20;;
41;341; P24-026;A-XS-AC;A-45-XS-AC-RF-AS-0-MSC-2-CE-480-60Hz;SYNCRO GROUP USA;SYNCRO GROUP USA;USA;2024-01;2024-01;PE-PP;45;20;;
42;342; P24-026;A-XS-AC;A-45-XS-AC-RF-AS-0-MSC-2-CE-480-60Hz;SYNCRO GROUP USA;SYNCRO GROUP USA;USA;2024-01;2024-01;PE-PP;45;20;;
43;343; P24-026;A-XS-AC;A-45-XS-AC-RF-AS-0-MSC-2-CE-480-60Hz;SYNCRO GROUP USA;SYNCRO GROUP USA;USA;2024-01;2024-01;PE-PP;45;20;;
44;344; P24-026;A-XS-AC;A-45-XS-AC-RF-AS-0-MSC-2-CE-480-60Hz;SYNCRO GROUP USA;SYNCRO GROUP USA;USA;2024-01;2024-01;PE-PP;45;20;;
45;345; P24-026;A-XS-AC;A-45-XS-AC-RF-AS-0-MSC-2-CE-480-60Hz;SYNCRO GROUP USA;SYNCRO GROUP USA;USA;2024-01;2024-01;PE-PP;45;20;;
46;346; P24-026;A-XS-AC;A-45-XS-AC-RF-AS-0-MSC-2-CE-480-60Hz;SYNCRO GROUP USA;SYNCRO GROUP USA;USA;2024-01;2024-01;PE-PP;45;20;;
47;347; P24-026;A-XS-AC;A-45-XS-AC-RF-AS-0-MSC-2-CE-480-60Hz;SYNCRO GROUP USA;SYNCRO GROUP USA;USA;2024-01;2024-01;PE-PP;45;20;;
48;348; P24-026;A-XS-AC;A-45-XS-AC-RF-AS-0-MSC-2-CE-480-60Hz;SYNCRO GROUP USA;SYNCRO GROUP USA;USA;2024-01;2024-01;PE-PP;45;20;;
49;223;P22-029;A-XS-AC;A-45-XS-AC-RF-HF-MSC-2-CE-4003N-NOSR;CEMAC / SANCELL;CEMAC / SANCELL;;2022-01;2022-01;PE-PP;45;20;;
50;236;P22-041;A-XS-AC;A-45-XS-AC-RF-HF-MSC-2-CE-4003N-NOSR;MIZSEPLAST;MIZSEPLAST;;2022-01;2022-01;PE-PP;45;20;;
51;243;P22-055;A-XS-AC;A-45-XS-AC-RF-HF-MSC-2-CE-4003N-NOSR;ACZ SAS / BEGOODPACK;ACZ SAS / BEGOODPACK;;2022-01;2022-01;PE-PP;45;20;;
52;141;P21-006;A-XS-AC;A-45-XS-AC-RF-TB-0-B&R-CE-4003N-NOSR;Plasmac;Plasmac;;2021-01;2021-01;PE-PP;45;20;;
53;144;P22-020;A-XS-AC;A-45-XS-AC-RF-TB-0-B&R-CE-4003N-NOSR;ANKATEKNIK PLASTIK / STOCK;ANKATEKNIK PLASTIK / STOCK;;2021-01;2021-01;PE-PP;45;20;;
54;182;P21-053;A-XS-AC;A-45-XS-AC-RF-TB-0-B&R-CE-4803N-NOSR;Syncro USA;Syncro USA;;2022-01;2022-01;PE-PP;45;20;;
55;140;P21-015;A-XS-AC;A-45-XS-AC-RF-TB-HF-0-B&R-CE-4003N-NOSR;ANKATEKNIK PLASTIK / TUNCMAN;ANKATEKNIK PLASTIK / TUNCMAN;;2021-01;2021-01;PE-PP;45;20;;
56;168;P21-045;A-XS-AC;A-45-XS-AC-RF-TB-HF-0-B&R-CE-4003N-NOSR;ANKATEKNIK PLASTIK / FITPACK;ANKATEKNIK PLASTIK / FITPACK;;2021-01;2021-01;PE-PP;45;20;;
57;183;P21-051/23-005;A-XS-AC;A-45-XS-AC-RF-TB-HF-MSC-2-B&R-CE-4003N-SR;Bandera;Bandera;;2022-01;2022-01;PE-PP;45;20;;
58;192;P22-001;A-XS-AC;A-45-XS-AC-RF-TB-MSC-2-B&R-CE-4003N-NOSR;Italpac;Italpac;;2022-01;2022-01;PE-PP;45;20;;
59;184;P22-032;A-XS-AC;A-45-XS-AC-RF-TB-MSC-2-B&R-CE-4003N-SR;UKE / Berry Brombrough;UKE / Berry Brombrough;;2022-01;2022-01;PE-PP;45;20;;
60;204;P21-052;A-XS-AC;A-45-XS-AC-RF-TB-MSC-2-B&R-CE-4003N-SR;CSI / MT PLASTICS;CSI / MT PLASTICS;;2022-01;2022-01;PE-PP;45;20;;
61;208;P21-057;A-XS-AC;A-45-XS-AC-RF-TB-MSC-2-B&R-CE-4403N-NOSR;ANKATEKNIK PLASTIK / VOIDTECH (Rep. Dominicana);ANKATEKNIK PLASTIK / VOIDTECH (Rep. Dominicana);;2022-01;2022-01;PE-PP;45;20;;
62;242;P22-035;A-XS-AC;A-45-XS-AC-RF-TB-MSC-2-CE-4003N-NOSR;OLIMP LTD;OLIMP LTD;;2022-01;2022-01;PE-PP;45;20;;
63;211;P22-016;A-XS-AC;A-45-XS-AC-RF-TB-MSC-2-CE-4003N-SR;Plasmac / K2022 / Anka / Kung Hsing;Plasmac / K2022 / Anka / Kung Hsing;;2022-01;2022-01;PE-PP;45;20;;
64;212;P22-023;A-XS-AC;A-45-XS-AC-RF-TB-MSC-2-CE-4003N-SR;Syncplas;Syncplas;;2022-01;2022-01;PE-PP;45;20;;
65;213;P22-023;A-XS-AC;A-45-XS-AC-RF-TB-MSC-2-CE-4003N-SR;Syncplas;Syncplas;;2022-01;2022-01;PE-PP;45;20;;
66;214;P22-023;A-XS-AC;A-45-XS-AC-RF-TB-MSC-2-CE-4003N-SR;Syncplas;Syncplas;;2022-01;2022-01;PE-PP;45;20;;
67;215;P22-023;A-XS-AC;A-45-XS-AC-RF-TB-MSC-2-CE-4003N-SR;Syncplas;Syncplas;;2022-01;2022-01;PE-PP;45;20;;
68;219;P22-028;A-XS-AC;A-45-XS-AC-RF-TB-MSC-2-CE-4803N-NOSR;Syncro USA / Revolution Stretch Solutions;Syncro USA / Revolution Stretch Solutions;USA;2022-01;2022-01;PE-PP;45;20;;
69;220;P22-028;A-XS-AC;A-45-XS-AC-RF-TB-MSC-2-CE-4803N-NOSR;Syncro USA / Revolution Stretch Solutions;Syncro USA / Revolution Stretch Solutions;USA;2022-01;2022-01;PE-PP;45;20;;
70;221;P22-028;A-XS-AC;A-45-XS-AC-RF-TB-MSC-2-CE-4803N-NOSR;Syncro USA / Revolution Stretch Solutions;Syncro USA / Revolution Stretch Solutions;USA;2022-01;2022-01;PE-PP;45;20;;
71;222;P22-028;A-XS-AC;A-45-XS-AC-RF-TB-MSC-2-CE-4803N-NOSR;Syncro USA / Revolution Stretch Solutions;Syncro USA / Revolution Stretch Solutions;USA;2022-01;2022-01;PE-PP;45;20;;
72;228;P22-033;A-XS-AC;A-45-XS-AC-RF-TB-MSC-2-CE-4803N-NOSR;Syncro USA;Syncro USA;USA;2022-01;2022-01;PE-PP;45;20;;
73;229;P22-033;A-XS-AC;A-45-XS-AC-RF-TB-MSC-2-CE-4803N-NOSR;Syncro USA;Syncro USA;USA;2022-01;2022-01;PE-PP;45;20;;
74;230;P22-033;A-XS-AC;A-45-XS-AC-RF-TB-MSC-2-CE-4803N-NOSR;Syncro USA;Syncro USA;USA;2022-01;2022-01;PE-PP;45;20;;
75;231;P22-033;A-XS-AC;A-45-XS-AC-RF-TB-MSC-2-CE-4803N-NOSR;Syncro USA;Syncro USA;USA;2022-01;2022-01;PE-PP;45;20;;
76;256;P22-066;A-XS-AC;A-45-XS-AC-RF-TB-MSC-2-CE-4803N-NOSR;Syncro USA;Syncro USA;USA;2023-01;2023-01;PE-PP;45;20;;
77;257;P22-066;A-XS-AC;A-45-XS-AC-RF-TB-MSC-2-CE-4803N-NOSR;Syncro USA;Syncro USA;USA;2023-01;2023-01;PE-PP;45;20;;
78;258;P22-066;A-XS-AC;A-45-XS-AC-RF-TB-MSC-2-CE-4803N-NOSR;Syncro USA;Syncro USA;USA;2023-01;2023-01;PE-PP;45;20;;
79;259;P22-066;A-XS-AC;A-45-XS-AC-RF-TB-MSC-2-CE-4803N-NOSR;Syncro USA;Syncro USA;USA;2023-01;2023-01;PE-PP;45;20;;
80;270;P23-001;A-XS-AC;A-45-XS-AC-RF-TB-MSC-2-CE-4803N-NOSR;Syncro USA;Syncro USA;USA;2023-01;2023-01;PE-PP;45;20;;
81;271;P23-001;A-XS-AC;A-45-XS-AC-RF-TB-MSC-2-CE-4803N-NOSR;Syncro USA;Syncro USA;USA;2023-01;2023-01;PE-PP;45;20;;
82;272;P23-001;A-XS-AC;A-45-XS-AC-RF-TB-MSC-2-CE-4803N-NOSR;Syncro USA;Syncro USA;USA;2023-01;2023-01;PE-PP;45;20;;
83;273;P23-001;A-XS-AC;A-45-XS-AC-RF-TB-MSC-2-CE-4803N-NOSR;Syncro USA;Syncro USA;USA;2023-01;2023-01;PE-PP;45;20;;
84;284;P23-002;A-XS-AC;A-45-XS-AC-RF-TB-MSC-2-CE-4803N-NOSR;Syncro USA;Syncro USA;USA;2023-01;2023-01;PE-PP;45;20;;
85;285;P23-002;A-XS-AC;A-45-XS-AC-RF-TB-MSC-2-CE-4803N-NOSR;Syncro USA;Syncro USA;USA;2023-01;2023-01;PE-PP;45;20;;
86;286;P23-002;A-XS-AC;A-45-XS-AC-RF-TB-MSC-2-CE-4803N-NOSR;Syncro USA;Syncro USA;USA;2023-01;2023-01;PE-PP;45;20;;
87;287;P23-002;A-XS-AC;A-45-XS-AC-RF-TB-MSC-2-CE-4803N-NOSR;Syncro USA;Syncro USA;USA;2023-01;2023-01;PE-PP;45;20;;
88;302;P23-003;A-XS-AC;A-45-XS-AC-RF-TB-MSC-2-CE-4803N-NOSR;EXTRUSION AUTOMATION (EX SYNCRO USA);EXTRUSION AUTOMATION (EX SYNCRO USA);USA;2023-01;2023-01;PE-PP;45;20;;
89;303;P23-003;A-XS-AC;A-45-XS-AC-RF-TB-MSC-2-CE-4803N-NOSR;EXTRUSION AUTOMATION (EX SYNCRO USA);EXTRUSION AUTOMATION (EX SYNCRO USA);USA;2023-01;2023-01;PE-PP;45;20;;
90;304;P23-003;A-XS-AC;A-45-XS-AC-RF-TB-MSC-2-CE-4803N-NOSR;EXTRUSION AUTOMATION (EX SYNCRO USA);EXTRUSION AUTOMATION (EX SYNCRO USA);USA;2023-01;2023-01;PE-PP;45;20;;
91;305;P23-003;A-XS-AC;A-45-XS-AC-RF-TB-MSC-2-CE-4803N-NOSR;EXTRUSION AUTOMATION (EX SYNCRO USA);EXTRUSION AUTOMATION (EX SYNCRO USA);USA;2023-01;2023-01;PE-PP;45;20;;
92;306;P23-033;A-XS-AC;A-45-XS-AC-RF-TB-MSC-2-CE-4803N-NOSR;SYNCROPLANTECH NORTH AMERICA;SYNCROPLANTECH NORTH AMERICA;USA;2023-01;2023-01;PE-PP;45;20;;
93;309;P23-004;A-XS-AC;A-45-XS-AC-RF-TB-MSC-2-CE-4803N-NOSR;EXTRUSION AUTOMATION (EX SYNCRO USA);EXTRUSION AUTOMATION (EX SYNCRO USA);USA;2023-01;2023-01;PE-PP;45;20;;
94;310;P23-004;A-XS-AC;A-45-XS-AC-RF-TB-MSC-2-CE-4803N-NOSR;EXTRUSION AUTOMATION (EX SYNCRO USA);EXTRUSION AUTOMATION (EX SYNCRO USA);USA;2023-01;2023-01;PE-PP;45;20;;
95;311;P23-004;A-XS-AC;A-45-XS-AC-RF-TB-MSC-2-CE-4803N-NOSR;EXTRUSION AUTOMATION (EX SYNCRO USA);EXTRUSION AUTOMATION (EX SYNCRO USA);USA;2023-01;2023-01;PE-PP;45;20;;
96;316;P24-005;A-XS-AC;A-45-XS-AC-ST-0-0-2-CE-400/50Hz-NOAB;PLASTOTECNICA;PLASTOTECNICA;;2024-01;2024-01;PE-PP;45;20;;
97;293;P23-015;A-XS-AC;A-45-XS-AC-TB-0-0-0-2-CE-400-50Hz-3N-0;BISCHOF + KLEIN SE&CO.KG;BISCHOF + KLEIN SE&CO.KG;;2023-01;2023-01;PE-PP;45;20;;
98;283;P23-017;A-XS-AC;A-45-XS-AC-TB-0-0-MSC-2-CE-400-50Hz-3N-0;TECHNOLOGIA JSC;TECHNOLOGIA JSC;;2023-01;2023-01;PE-PP;45;20;;
99;351; P24-030;A-XS-AC;A-45-XS-AC-TB-0-2-CE-400-50Hz-3N-ABB;RAJOO;RAJOO;;2024-01;2024-01;PE-PP;45;20;;
100;154;P21-038;A-XS-AC;A-45-XS-AC-TB-0-B&R-CE-4003N-NOSR;Syncplas / AVPack Plastic;Syncplas / AVPack Plastic;;2021-01;2021-01;PE-PP;45;20;;
101;158;P21-041;A-XS-AC;A-45-XS-AC-TB-0-B&R-CE-4003N-NOSR;Syncplas / Nova pac (ex Prime Packaging);Syncplas / Nova pac (ex Prime Packaging);;2021-01;2021-01;PE-PP;45;20;;
102;210;P22-026;A-XS-AC;A-45-XS-AC-TB-0-B&R-CE-4003N-NOSR;Plastigaur;Plastigaur;;2022-01;2022-01;PE-PP;45;20;;
103;260;P22-063;A-XS-AC;A-45-XS-AC-TB-0-CE-4003N-AB;DANAFILMS;DANAFILMS;;2023-01;2023-01;PE-PP;45;20;;
104;261;P22-063;A-XS-AC;A-45-XS-AC-TB-0-CE-4003N-AB;DANAFILMS;DANAFILMS;;2023-01;2023-01;PE-PP;45;20;;
105;318;P24-006;A-XS-AC;A-45-XS-AC-TB-0-CE-4003N-AB;ACZ SAS;ACZ SAS;;2024-01;2024-01;PE-PP;45;20;;
106;319;P24-007;A-XS-AC;A-45-XS-AC-TB-0-CE-4003N-AB;ACZ SAS;ACZ SAS;;2024-01;2024-01;PE-PP;45;20;;
107;216;P22-024;A-XS-AC;A-45-XS-AC-TB-0-CE-4003N-SR;BKC ;BKC ;;2022-01;2022-01;PE-PP;45;20;;
108;217;P22-024;A-XS-AC;A-45-XS-AC-TB-0-CE-4003N-SR;BKC;BKC;;2022-01;2022-01;PE-PP;45;20;;
109;218;P22-024;A-XS-AC;A-45-XS-AC-TB-0-CE-4003N-SR;BKC;BKC;;2022-01;2022-01;PE-PP;45;20;;
110;238;P22-043;A-XS-AC;A-45-XS-AC-TB-0-CE-4003N-SR;ACZ-BARBIER;ACZ-BARBIER;;2022-01;2022-01;PE-PP;45;20;;
111;300;P23-032;A-XS-AC;A-45-XS-AC-TB-AS-0-MSC-2-CE-400-50Hz-3N-0;LAMP Srl;LAMP Srl;;2023-01;2023-01;PE-PP;45;20;;
112;313;P23-037;A-XS-AC;A-45-XS-AC-TB-AS-0-MSC-2-CE-400-50Hz-3N-0;EASYPACK;EASYPACK;;2024-01;2024-01;PE-PP;45;20;;
113;170;P21-043;A-XS-AC;A-45-XS-AC-TB-HF-0-B&R-CE-4003N-NOSR;Radiant/Jaykal/Quantum;Radiant/Jaykal/Quantum;;2021-01;2021-01;PE-PP;45;20;;
114;253;P22-058;A-XS-AC;A-45-XS-AC-TB-RF-0-MSC-2-CE-400-50Hz-3N-0;UKE / Berry bpi - Bromborough;UKE / Berry bpi - Bromborough;;2023-01;2023-01;PE-PP;45;20;;
115;254;P22-040;A-XS-AC;A-45-XS-AC-TB-RF-0-MSC-2-CE-400-50Hz-3N-0;SAIGAL PACKAGES INDUSTRIES (PVT);SAIGAL PACKAGES INDUSTRIES (PVT);;2023-01;2023-01;PE-PP;45;20;;
116;255;P22-057;A-XS-AC;A-45-XS-AC-TB-RF-0-MSC-2-CE-400-50Hz-3N-0;AP PACKAGING;AP PACKAGING;;2023-01;2023-01;PE-PP;45;20;;
117;266;P23-008;A-XS-AC;A-45-XS-AC-TB-RF-0-MSC-2-CE-400-50Hz-3N-0;NOVPLASTA s.r.o.;NOVPLASTA s.r.o.;;2023-01;2023-01;PE-PP;45;20;;
118;267;P23-012;A-XS-AC;A-45-XS-AC-TB-RF-0-MSC-2-CE-400-50Hz-3N-0;TRIOWORLD SMALANDSSTENAR AB;TRIOWORLD SMALANDSSTENAR AB;;2023-01;2023-01;PE-PP;45;20;;
119;274;P22-056;A-XS-AC;A-45-XS-AC-TB-RF-0-MSC-2-CE-400-50Hz-3N-0;ZOCCHI;ZOCCHI;;2023-01;2023-01;PE-PP;45;20;;
120;276;P22-060;A-XS-AC;A-45-XS-AC-TB-RF-0-MSC-2-CE-400-50Hz-3N-0;PLASMAC SRL;PLASMAC SRL;;2023-01;2023-01;PE-PP;45;20;;
121;277;P23-010;A-XS-AC;A-45-XS-AC-TB-RF-0-MSC-2-CE-400-50Hz-3N-0;UKE / Berry bpi - Bromborough;UKE / Berry bpi - Bromborough;;2023-01;2023-01;PE-PP;45;20;;
122;278;P23-010;A-XS-AC;A-45-XS-AC-TB-RF-0-MSC-2-CE-400-50Hz-3N-0;UKE / Berry bpi - Bromborough;UKE / Berry bpi - Bromborough;;2023-01;2023-01;PE-PP;45;20;;
123;279;P23-010;A-XS-AC;A-45-XS-AC-TB-RF-0-MSC-2-CE-400-50Hz-3N-0;UKE / Berry bpi - Bromborough;UKE / Berry bpi - Bromborough;;2023-01;2023-01;PE-PP;45;20;;
124;280;P23-010;A-XS-AC;A-45-XS-AC-TB-RF-0-MSC-2-CE-400-50Hz-3N-0;UKE / Berry bpi - Bromborough;UKE / Berry bpi - Bromborough;;2023-01;2023-01;PE-PP;45;20;;
125;291;P23-020;A-XS-AC;A-45-XS-AC-TB-RF-0-MSC-2-CE-400-50Hz-3N-0;POLIFILM NEUKIRCHEN;POLIFILM NEUKIRCHEN;;2023-01;2023-01;PE-PP;45;20;;
126;294;P23-026;A-XS-AC;A-45-XS-AC-TB-RF-0-MSC-2-CE-400-50Hz-3N-0;UKE / Berry bpi Winsford;UKE / Berry bpi Winsford;;2023-01;2023-01;PE-PP;45;20;;
127;320;P24-010;A-XS-AC;A-45-XS-AC-TB-RF-AS-0-MSC-2-CE-400-50Hz-3N-0;BISCHOF + KLEIN SE&CO.KG;BISCHOF + KLEIN SE&CO.KG;;2024-01;2024-01;PE-PP;45;20;;
128;321;P24-011;A-XS-AC;A-45-XS-AC-TB-RF-AS-0-MSC-2-CE-400-50Hz-3N-0;SYNCRO JAPAN CO.,LTD;SYNCRO JAPAN CO.,LTD;;2024-01;2024-01;PE-PP;45;20;;
129;323;P24-017;A-XS-AC;A-45-XS-AC-TB-RF-AS-0-MSC-2-CE-400-50Hz-3N-0;DMX CO,   LTD;DMX CO,   LTD;;2024-01;2024-01;PE-PP;45;20;;
130;326;P24-018;A-XS-AC;A-45-XS-AC-TB-RF-AS-0-MSC-2-CE-400-50Hz-3N-0;UKE - BERRY B;UKE - BERRY B;;2024-01;2024-01;PE-PP;45;20;;
131;327;P24-018;A-XS-AC;A-45-XS-AC-TB-RF-AS-0-MSC-2-CE-400-50Hz-3N-0;UKE - BERRY B;UKE - BERRY B;;2024-01;2024-01;PE-PP;45;20;;
132;336;P24-025;A-XS-AC;A-45-XS-AC-TB-RF-AS-0-MSC-2-CE-400-50Hz-3N-0;AMIPLAST;AMIPLAST;;2024-01;2024-01;PE-PP;45;20;;
133;354; P24-033;A-XS-AC;A-45-XS-AC-TB-RF-AS-0-MSC-2-CE-400-50Hz-3N-AB;UK EXTRUSION - BERRY WINSFORD;UK EXTRUSION - BERRY WINSFORD;;2024-01;2024-01;PE-PP;45;20;;
134;350; P24-029;A-XS-AC;A-45-XS-AC-TB-RF-AS-0-MSC-2-CE-400-50Hz-3N-ABB;BISCHOF + KLEIN;BISCHOF + KLEIN;;2024-01;2024-01;PE-PP;45;20;;
135;237;P22-039;A-XS-AC;A-45-XS-AC-TB-RF-HF-MSC-2-CE-4003N-NOSR;KAVNIK;KAVNIK;;2022-01;2022-01;PE-PP;45;20;;
136;252;P22-030;A-XS-AC;A-45-XS-AC-TB-RF-HF-MSC-2-CE-400-50Hz-3N-SR;BLASFOILE ;BLASFOILE ;;2022-01;2022-01;PE-PP;45;20;;
137;269;P22-059;A-XS-AC;A-45-XS-AC-TB-RF-HF-MSC-2-CE-400-50Hz-3N-SR;WILTON;WILTON;;2023-01;2023-01;PE-PP;45;20;;
138;37;P19-047;A-S-AC;A-60-AC;Bandera;Bandera;;2019-01;2019-01;PE-PP;75;25;;
139;60;P19-073;A-S-AC;A-60-AC;BKC;BKC;;2020-01;2020-01;PE-PP;75;25;;
140;61;P19-073;A-S-AC;A-60-AC;BKC;BKC;;2020-01;2020-01;PE-PP;75;25;;
141;4;P19-001;A-S-AC;A-60-AC;Zocchi;Zocchi;;2019-01;2019-01;PE-PP;75;25;;
142;22;P19-038;A-S-AC;A-60-AC;Pure Loop;Pure Loop;;2019-01;2019-01;PE-PP;75;25;;
143;107;P20-036;A-S-AC;A-60-AC-MSC;Plasmac;Plasmac;;2020-01;2020-01;PE-PP;75;25;;
144;135;P21-018;A-S-AC;A-60-AC-RF-TB-0-MCF-B&R-CE-4003N-NOSR;Bandera;Bandera;;2021-01;2021-01;PE-PP;75;25;;
145;157;P21-031;A-S-AC;A-60-AC-RF-TB-CE-400-3N;SDR PACK;SDR PACK;;2021-01;2021-01;PE-PP;75;25;;
146;138;P21-019;A-S-AC;A-60-AC-RF-TB-HF-0-MCF-B&R-CE-4003N-NOSR;Stolko;Stolko;;2021-01;2021-01;PE-PP;75;25;;
147;129;P21-005;A-S-AC;A-60-AC-RFTB-MCF-CE-SR;Reifenhauser Singapore;Reifenhauser Singapore;;2021-01;2021-01;PE-PP;75;25;;
148;72;P20-010;A-S-AC;A-60-AC-RF-TB-MSC;Maguire ;Maguire ;;2020-01;2020-01;PE-PP;75;25;;
149;82;P20-014;A-S-AC;A-60-AC-RF-TB-MSC;POLYPLEX (THAILAND) PUBLIC CO. LTD.;POLYPLEX (THAILAND) PUBLIC CO. LTD.;;2020-01;2020-01;PE-PP;75;25;;
150;189;P22-031;A-S-AC;A-60-AC-RF-TB-MSC-CE-2-400-50-3N-NOSR;Plasmac;Plasmac;;2022-01;2022-01;PE-PP;75;25;;
151;190;P22-011;A-S-AC;A-60-AC-RF-TB-MSC-CE-2-400-50-3N-NOSR;Plasmac;Plasmac;;2022-01;2022-01;PE-PP;75;25;;
152;191;P22-048;A-S-AC;A-60-AC-RF-TB-MSC-CE-2-400-50-3N-SR;ANKATEKNIK PLASTIK / ASIR PLASTIC;ANKATEKNIK PLASTIK / ASIR PLASTIC;;2022-01;2022-01;PE-PP;75;25;;
153;166;P21-044;A-S-AC;A-60-AC-RF-TB-MSC-CE-400-50-3N-SR;ANKATEKNIK PLASTIK / GUVEN;ANKATEKNIK PLASTIK / GUVEN;;2022-01;2022-01;PE-PP;75;25;;
154;187;P21-058;A-S-AC;A-60-AC-RF-TB-MSC-CE-400-50-3N-SR;VERDE FLEXIBLES;VERDE FLEXIBLES;;2022-01;2022-01;PE-PP;75;25;;
155;132;P21-011;A-S-AC;A-60-AC-TB-CE-400-3N-SR;RKW Castelletta;RKW Castelletta;;2021-01;2021-01;PE-PP;75;25;;
156;185;P21-037;A-S-PLUS;A-60-ECO-AC-RF-TB(large)-MSC-CE-400-3N;SI.SAC. SPA;SI.SAC. SPA;;2022-01;2022-01;PE-PP;90;33;;
157;149;P21-028;A-S-PLUS;A-60-ECO-AC-TB-CE-400-3N;ACZ;ACZ;;2021-01;2021-01;PE-PP;90;33;;
158;150;P21-028;A-S-PLUS;A-60-ECO-AC-TB-CE-400-3N;ACZ;ACZ;;2021-01;2021-01;PE-PP;90;33;;
159;151;P21-028;A-S-PLUS;A-60-ECO-AC-TB-CE-400-3N;ACZ;ACZ;;2021-01;2021-01;PE-PP;90;33;;
160;99;P20-029;A-S-PLUS;A-60-ECO-RF-TB;GRUPO ROJAS;GRUPO ROJAS;;2020-01;2020-01;PE-PP;90;33;;
161;32;P19-102;A-S-PLUS;A-60-ECO-RF-MSC;Gentoflex;Gentoflex;;2020-01;2020-01;PE-PP;90;33;;
162;33;P19-103;A-S-PLUS;A-60-ECO-RF-MSC;Technic Gravure;Technic Gravure;;2020-01;2020-01;PE-PP;90;33;;
163;56;P19-069;A-S-PLUS;A-60-ECO-RF-MSC;MIMA Packaging systems / Crop Packaging / SPG PACKAGING IRELAND;MIMA Packaging systems / Crop Packaging / SPG PACKAGING IRELAND;;2020-01;2020-01;PE-PP;90;33;;
164;88;P20-025;A-S-PLUS;A-60-ECO-RF-TB-MSC;NAN FOLIE;NAN FOLIE;;2020-01;2020-01;PE-PP;90;33;;
165;137;P21-007;A-S-HC;A-60-HC-FF-0-MCF-B&R-CE-4003N-NOSR;Plasmac;Plasmac;;2021-01;2021-01;PE-PP;75;25;;
166;63;P19-067;A-S-HC;A-60-HC-RF;Foshan;Foshan;;2020-01;2020-01;PE-PP;75;25;;
167;165;P21-034;A-S-HC;A-60-HC-RF-TB-MCF-B&R-CE-480V-60Hz-3N;SY USA;SY USA;;2021-01;2021-01;PE-PP;75;25;;
168;120;P21-001;A-S-HC;A-60-HC-RFTB-VC-CC-MCF-B&R-CE-4003N-SR;POLYPLEX EUROPA POLYESTER FILM SAN. VE TIC. A.S.;POLYPLEX EUROPA POLYESTER FILM SAN. VE TIC. A.S.;;2021-01;2021-01;PE-PP;75;25;;
169;128;P21-004;A-S-HC;A-60-HC-TB-MCF-SIE-CE-4003N-NOSR;Bericap;Bericap;;2021-01;2021-01;PE-PP;75;25;;
170;69;P20-005;A-M-AC;A-70-AC-RF-MCF;Plastigaur;Plastigaur;;2020-01;2020-01;PE-PP;130;47;;
171;70;P20-009;A-M-AC;A-70-AC-RF-MCF;Plasbel;Plasbel;;2020-01;2020-01;PE-PP;130;47;;
172;71;P19-106;A-M-AC;A-70-AC-RF-MSC-UL;Syncro USA / Berry Mountain Top;Syncro USA / Berry Mountain Top;;2020-01;2020-01;PE-PP;130;47;;
173;198;P22-005;A-M-AC;A-70-AC-RF-TB-MCF(100)-CE-400-3N-NOSR;Plasmac srl;Plasmac srl;;2022-01;2022-01;PE-PP;130;47;;
174;199;P22-006;A-M-AC;A-70-AC-RF-TB-MCF(100)-CE-400-3N-NOSR;SAMAPLAST SRL ( EX Plasmac srl);SAMAPLAST SRL ( EX Plasmac srl);;2022-01;2022-01;PE-PP;130;47;;
175;195;P22-007;A-M-AC;A-70-AC-RF-TB-MCF-CE-480-3N-SR;Syncro USA /Berry Mountain Top;Syncro USA /Berry Mountain Top;;2022-01;2022-01;PE-PP;130;47;;
176;196;P22-008;A-M-AC;A-70-AC-RF-TB-MCF-CE-480-3N-SR;Syncro USA /Berry Mountain Top;Syncro USA /Berry Mountain Top;;2022-01;2022-01;PE-PP;130;47;;
177;197;P22-009;A-M-AC;A-70-AC-RF-TB-MCF-CE-480-3N-SR;Syncro USA /Berry Mountain Top;Syncro USA /Berry Mountain Top;;2022-01;2022-01;PE-PP;130;47;;
178;155;P21-039;A-M-AC;A-70-AC-RFTB-MSC-CE-400-3N;UK Extrusion - RPC Berry Leominster;UK Extrusion - RPC Berry Leominster;;2021-01;2021-01;PE-PP;130;47;;
179;152;P21-029;A-M-AC;A-70-AC-RFTB-MSC-UKBA-400-3N;UK Extrusion - RPC Berry Leominster;UK Extrusion - RPC Berry Leominster;;2021-01;2021-01;PE-PP;130;47;;
180;58;P19-059;A-M-AC;A-70-AC-RF;Midian / Rahil Foam PVT;Midian / Rahil Foam PVT;;2020-01;2020-01;PE-PP;130;47;;
181;11;P19-002;A-M-AC;A-70-AC-RF-MSC;Zocchi;Zocchi;;2019-01;2019-01;PE-PP;130;47;;
182;16;P19-011;A-M-AC;A-70-AC-RF-MSC;Alfaplas;Alfaplas;;2019-01;2019-01;PE-PP;130;47;;
183;23;P19-039;A-M-AC;A-70-AC-RF-MSC;Macresac;Macresac;;2019-01;2019-01;PE-PP;130;47;;
184;24;P19-039;A-M-AC;A-70-AC-RF-MSC;Macresac;Macresac;;2019-01;2019-01;PE-PP;130;47;;
185;54;P19-104;A-M-AC;A-70-AC-RF-MSC;RPC Berry Leominster UK;RPC Berry Leominster UK;;2020-01;2020-01;PE-PP;130;47;;
186;84;P20-019;A-M-AC;A-70-AC-TB;Vizelpas flexible films;Vizelpas flexible films;;2020-01;2020-01;PE-PP;130;47;;
187;134;P20-019;A-M-AC;A-70-AC-TB;Vizelpas flexible films;Vizelpas flexible films;;2021-01;2021-01;PE-PP;130;47;;
188;17;P19-032;A-M-HC;A-70-HC-FF-MSC;Calsonic / Marelli;Calsonic / Marelli;;2019-01;2019-01;PE-PP;130;47;;
189;80;P20-008;A-M-HC;A-70-HC-MSC-FF;Gizeh / Martiplast;Gizeh / Martiplast;;2020-01;2020-01;PE-PP;130;47;;
190;116;P20-041;A-M-HC;A-70-HC-RF-TB-MSC;Syncro USA;Syncro USA;;2021-01;2021-01;PE-PP;130;47;;
191;117;P20-038;A-M-HC;A-70-HC-RF-TB-MSC;Syncro USA;Syncro USA;;2021-01;2021-01;PE-PP;130;47;;
192;162;P21-035;A-M-HC;A-70-HC-RFTB-MSC-CE-480-3N;SY USA /ISOflex – Nashville, TN;SY USA /ISOflex – Nashville, TN;;2021-01;2021-01;PE-PP;130;47;;
193;163;P21-036;A-M-HC;A-70-HC-RFTB-MSC-CE-480-3N;SY USA /ISOflex;SY USA /ISOflex;;2021-01;2021-01;PE-PP;130;47;;
194;8;P19-003/P20-017;A-M-HC;A-70-HC-RF-MSC;Alpha Marathon;Alpha Marathon;;2019-01;2019-01;PE-PP;130;47;;
195;160;P21-030;A-L-HC;A-80-AC-TB-B&R-CE-4003N-NOSR;RKW Petersaurach;RKW Petersaurach;;2021-01;2021-01;PE-PP;160;68;;
196;118;P20-044;A-L-HC;A-80-HC-FF-MSC-B&R-CE-4003N-NOSR;Reko;Reko;;2021-01;2021-01;PE-PP;160;68;;
197;131;P21-012;A-L-HC;A-80-HC-FF-MSC-B&R-CE-4003N-NOSR;Wedus chemical;Wedus chemical;;2021-01;2021-01;PE-PP;160;68;;
198;159;P21-040;A-L-HC;A-80-HC-FF-MSC-B&R-CE-4003N-NOSR;Weener Plastics LTD;Weener Plastics LTD;;2021-01;2021-01;PE-PP;160;68;;
199;169;P21-046;A-L-HC;A-80-HC-FF-MSC-B&R-CE-4003N-NOSR;UK EXTRUSION - PLASTIPAK;UK EXTRUSION - PLASTIPAK;;2022-01;2022-01;PE-PP;160;68;;
200;203;P22-021;A-L-HC;A-80-HC-FF-MSC-B&R-CE-4003N-NOSR;Heplast;Heplast;;2022-01;2022-01;PE-PP;160;68;;
201;85;P20-020;A-L-HC;A-80-HC-RF-TB-MSC-UL;Syncro USA /Berry Chino;Syncro USA /Berry Chino;;2020-01;2020-01;PE-PP;160;68;;
202;40;P19-068;A-S-PLUS;A-60-ECO;Trioplast France;Trioplast France;;2019-01;2019-01;PE-PP;90;33;;
203;26;P19-072;A-S-PLUS;A-60-ECO-RF-MSC;Plasmac;Plasmac;;2019-01;2019-01;PE-PP;90;33;;
204;39;P19-051;A-S-PLUS;A-60-ECO-RF-MSC;Plastigaur;Plastigaur;;2019-01;2019-01;PE-PP;90;33;;
205;301;P23-022;A-L-HC;A-L-HC-MSC;RKW PETERSAURACH;RKW PETERSAURACH;;2023-01;2023-01;PE-PP;160;68;;
206;328;P24-015;A-L-HC;A-L-HC-V-FF-MSC-400/50-3N;UKE - nmc;UKE - nmc;;2024-01;2024-01;PE-PP;160;68;;
207;307;P23-018;A-M-AC;A-M-13-2N-N-0-M-W2C4F6C-0-B-S-NR-0;SYNCRO USA LLC / ISOFlex Packaging;SYNCRO USA LLC / ISOFlex Packaging;;2023-01;2023-01;PE-PP;130;47;;
208;308;P23-018;A-M-AC;A-M-13-2N-N-0-M-W2C4F6C-0-B-S-NR-0;SYNCRO USA LLC / ISOFlex Packaging;SYNCRO USA LLC / ISOFlex Packaging;;2023-01;2023-01;PE-PP;130;47;;
209;337;P24-021;A-M-HC;A-M-HC-RF-TB-MSC-CE-480/60-NOAB;EXTRUSION AUTOMATION ;EXTRUSION AUTOMATION ;;2024-01;2024-01;PE-PP;130;47;;
210;338;P24-022;A-M-HC;A-M-HC-RF-TB-MSC-CE-480/60-NOAB;EXTRUSION AUTOMATION ;EXTRUSION AUTOMATION ;;2024-01;2024-01;PE-PP;130;47;;
211;339;P24-023;A-M-HC;A-M-HC-RF-TB-MSC-CE-480/60-NOAB;EXTRUSION AUTOMATION ;EXTRUSION AUTOMATION ;;2024-01;2024-01;PE-PP;130;47;;
212;340;P24-024;A-M-HC;A-M-HC-RF-TB-MSC-CE-480/60-NOAB;EXTRUSION AUTOMATION ;EXTRUSION AUTOMATION ;;2024-01;2024-01;PE-PP;130;47;;
213;263;P22-067;A-M-HC;A-M-HC-RF-TB-MSC-CE-480-60Hz-NOAB;Syncro USA / SOUTHERN FILM EXTRUDERS, INC.;Syncro USA / SOUTHERN FILM EXTRUDERS, INC.;;2023-01;2023-01;PE-PP;130;47;;
214;264;P22-067;A-M-HC;A-M-HC-RF-TB-MSC-CE-480-60Hz-NOAB;Syncro USA / SOUTHERN FILM EXTRUDERS, INC.;Syncro USA / SOUTHERN FILM EXTRUDERS, INC.;;2023-01;2023-01;PE-PP;130;47;;
215;265;P22-068;A-M-HC;A-M-HC-RF-TB-MSC-CE-480-60Hz-NOAB;Syncro USA / COASTAL FILMS OF FLORIDA;Syncro USA / COASTAL FILMS OF FLORIDA;;2023-01;2023-01;PE-PP;130;47;;
216;234;P22-038;A-M-TB;A-M-TB-RF-HC-MSC-2-CE-4003N-SR;SY-USA / RKW USA;SY-USA / RKW USA;;2022-01;2022-01;PE-PP;130;47;;
217;268;P23-011;A-S-AC;A-S-AC-RF-TB-MSC-CE-400/50-AB;UKE / Berry bpi - Bromborough;UKE / Berry bpi - Bromborough;;2023-01;2023-01;PE-PP;75;25;;
218;355;P24-028;A-S-HC;A-S-HC-TB-MSC-2-CE-480/60-NOAB;EXTRUSION AUTOMATION;EXTRUSION AUTOMATION;;2024-01;2024-01;PE-PP;75;25;;
219;356;P24-028;A-S-HC;A-S-HC-TB-MSC-2-CE-480/60-NOAB;EXTRUSION AUTOMATION;EXTRUSION AUTOMATION;;2024-01;2024-01;PE-PP;75;25;;
220;349; P24-027;A-S-HC;A-S-HC-TB-MSC-CE-480/60Hz-NOAB;EXTRUSION AUTOMATION ;EXTRUSION AUTOMATION ;;2024-01;2024-01;PE-PP;75;25;;
221;357;P24-032;A-S-PLUS;A-S-PLUS-AC-RF-TB-MSC-2-CE-400/50-AB;UK EXTRUSION;UK EXTRUSION;;2024-01;2024-01;PE-PP;90;33;;
222;262;P22-064;A-S-PLUS;A-S-PLUS-AC-RF-TB-MSC-CE-400/50-AB;DANAFILMS;DANAFILMS;;2023-01;2023-01;PE-PP;90;33;;
223;281;P22-064;A-S-PLUS;A-S-PLUS-AC-RF-TB-MSC-CE-400/50-AB;DANAFILMS;DANAFILMS;;2023-01;2023-01;PE-PP;90;33;;
224;244;P22-052;A-S-PLUS;A-S-PLUS-AC-RF-TB-MSC-CE-400-60Hz-3N-SR;SIGMAPLAST;SIGMAPLAST;;2022-01;2022-01;PE-PP;90;33;;
225;245;P22-053;A-S-PLUS;A-S-PLUS-AC-RF-TB-MSC-CE-480-60Hz-3N-SR;TINFLEX;TINFLEX;;2022-01;2022-01;PE-PP;90;33;;
226;353; P24-032;A-S-PLUS;A-S-PLUS-AC-TB-RF-MSC-3N-400V-50Hz;UK EXTRUSION - FLEXIPOL;UK EXTRUSION - FLEXIPOL;;2024-01;2024-01;PE-PP;90;33;;
227;322;P24-013;A-S-PLUS;A-S-PLUS-HC-RF-TB-MSC-CE-400/50-AB;ARDAN - PLASTOPIL;ARDAN - PLASTOPIL;;2024-01;2024-01;PE-PP;90;33;;
228;329;2024.03.PRS;A-XM-HC;A-XM-HC-RF-TB-0-3-CE-400/50-AB;PLASMAC;PLASMAC;;2024-01;2024-01;PE-PP;130;50;;
229;331;P24-001;A-XS-AC;A-XS-13-2N-N-0-M-A1C4F6C-0-X-S-NR-0;PLASMAC;PLASMAC;;2024-01;2024-01;PE-PP;45;20;;
230;332;P24-002;A-XS-AC;A-XS-13-2N-N-0-M-A1C4F6C-0-X-S-NR-0;PLASMAC;PLASMAC;;2024-01;2024-01;PE-PP;45;20;;
231;333;P24-003;A-XS-AC;A-XS-13-2N-N-0-M-A1C4F6C-0-X-S-NR-0;PLASMAC;PLASMAC;;2024-01;2024-01;PE-PP;45;20;;
232;334;P24-004;A-XS-AC;A-XS-13-2N-N-0-M-A1C4F6C-0-X-S-NR-0;PLASMAC;PLASMAC;;2024-01;2024-01;PE-PP;45;20;;
233;127;P20-040;A-XS-AC;A-XS-AC-0-B&R-CE-4003N-NOSR;Easypack;Easypack;;2021-01;2021-01;PE-PP;45;20;;
234;200;P21-021;E-M-HC;E-60;Plasmac srl;Plasmac srl;;2022-01;2022-01;PE-PP;75;42;;
235;177;P21-047;E-M-HC;E-60-HC-00-RF-HF-MSC-CE-400-3N;PROTEC SCANDINAVIA SWEDEN AB / Quantafuel Kristiansund AS;PROTEC SCANDINAVIA SWEDEN AB / Quantafuel Kristiansund AS;;2022-01;2022-01;PE-PP;75;42;;
236;209;P21-055;E-M-HC;E-60-HC-00-RF-TB-MSC-CE-480-3N;Syncro USA / Imaflex;Syncro USA / Imaflex;;2022-01;2022-01;PE-PP;75;42;;
237;115;P22-044;E-M-HC;E-60-HC-HF-RF-V-MCF-B&R-CE-4003N-NOSR;ANKATEKNIK PLASTIK / AK SEDEF;ANKATEKNIK PLASTIK / AK SEDEF;;2021-01;2021-01;PE-PP;75;42;;
238;139;P21-010;E-M-HC;E-60-HC-RF-TB-HF-0-MCF-B&R-CE-4003N-NOSR;Plasmac;Plasmac;;2021-01;2021-01;PE-PP;75;42;;
239;100;P20-023;E-M-HC;E-60-HC-TB-0-0-MCF-B&R-CE-4003N-NOSR;Syncro  Usa / Norflex (USA);Syncro  Usa / Norflex (USA);;2021-01;2021-01;PE-PP;75;42;;
240;123;P20-023;E-M-HC;E-60-HC-TB-0-0-MCF-B&R-CE-4003N-NOSR;Syncro  Usa / Norflex (USA);Syncro  Usa / Norflex (USA);;2021-01;2021-01;PE-PP;75;42;;
241;124;P20-023;E-M-HC;E-60-HC-TB-0-0-MCF-B&R-CE-4003N-NOSR;Syncro  Usa / Norflex (USA);Syncro  Usa / Norflex (USA);;2021-01;2021-01;PE-PP;75;42;;
242;125;P20-023;E-M-HC;E-60-HC-TB-0-0-MCF-B&R-CE-4003N-NOSR;Syncro  Usa / Imaflex;Syncro  Usa / Imaflex;;2021-01;2021-01;PE-PP;75;42;;
243;126;P20-023;E-M-HC;E-60-HC-TB-0-0-MCF-B&R-CE-4003N-NOSR;Syncro Usa / Norflex (USA);Syncro Usa / Norflex (USA);;2021-01;2021-01;PE-PP;75;42;;
244;176;P21-020;E-L-AC;E-70-AC-2-RF-MSC-CE-400-3N-SR;UKE / Berry Greenock ;UKE / Berry Greenock ;;2022-01;2022-01;PE-PP;130;57;;
245;188;P21-056;E-L-HC;E-70-HC-2-RF-TB-MSC-CE-400-3N-NOSR;EDENPLAST;EDENPLAST;;2022-01;2022-01;PE-PP;130;59;;
246;248;P22-037;E-L-HC;E-L-HC-V-MSC-CE-230/60-3N;AGRICOMINSA;AGRICOMINSA;;2023-01;2023-01;PE-PP;130;59;;
247;15;P19-006;O-XS-HC;O-120-ECO-AC-RF;OP Nilsson;OP Nilsson;;2019-01;2019-01;PE-PP;120;61;;
248;10;P20-011;O-S-HC;O-150-HC-RF;Plasmac / Goglio / Sy-Usa / Dakota;Plasmac / Goglio / Sy-Usa / Dakota;;2019-01;2019-01;PE-PP;150;64;;
249;75;P19-107;O-S-HC-V;O-150-HCV;KZPM;KZPM;;2020-01;2020-01;PE-PP;150;78;;
250;153;P21-008;O-S-HC-V;O-150-HCV-TB-RF-CE-400-3N;Plasmac / DNT;Plasmac / DNT;;2021-01;2021-01;PE-PP;150;78;;
251;202;P22-018;O-S-HC-V;O-150-HCV-TB-RF-HYD-CE-400-3N;Plasmac srl;Plasmac srl;;2022-01;2022-01;PE-PP;150;78;;
252;49;P19-008;O-M-HC;O-180-HC-HYD-V;Cagliplast;Cagliplast;;2019-01;2019-01;PE-PP;200;78;;
253;48;P19-007;O-M-HC;O-180-HC-TB-RF-MSC;Syncro USA / NORFLEX INC. - HUDSON;Syncro USA / NORFLEX INC. - HUDSON;;2019-01;2019-01;PE-PP;200;78;;
254;181;P21-049;O-M-HC;O180-HC-HF-MSC-CE-400-60-3N-NOSR;Alico;Alico;;2022-01;2022-01;PE-PP;200;78;;
255;289;P23-016;O-M-HC;O-180-HC-V-SF-MSC-CE-400/50;Syncro INDIA;Syncro INDIA;;2023-01;2023-01;PE-PP;200;78;;
256;207;P22-054;O-M-HC;O-200-HC-RF-HF-V-ASC-CE-4003N-NOSR;Plasmac / K2022 / AL HELAL;Plasmac / K2022 / AL HELAL;;2022-01;2022-01;PE-PP;200;78;;
257;53;P19-023;O-L-HC;O-250-HC-MSC-V;Goglio;Goglio;;2019-01;2019-01;PE-PP;250;98;;
258;114;P20-039;O-L-HC;O-250-HC-HF-RF-V-MCF-B&R-CE-4003N-NOSR;Plasmac - Uk Extrusion - Talos - MARPAK;Plasmac - Uk Extrusion - Talos - MARPAK;;2020-01;2020-01;PE-PP;250;98;;
259;143;P19-100;O-L-HC;O-250-HC-HF-V-HYD-CE-4003N;Iskra;Iskra;;2021-01;2021-01;PE-PP;250;98;;
260;68;P19-031;O-XS-HC;O-70-HC-V;Balcan;Balcan;;2020-01;2020-01;PE-PP;120;61;;
261;108;P21-017;O-XS-HC;O-70-HC-HF-MSC;Lordsmint SYNCRO srl - venduta a GOGLIO;Lordsmint SYNCRO srl - venduta a GOGLIO;;2021-01;2021-01;PE-PP;120;61;;
262;96;P20-027;O-XS-AC;O-ECO-AC;Shini;Shini;;2020-01;2020-01;PE-PP;120;60;;
263;106;P20-031;O-XS-AC;O-ECO-AC;Syncplas (AV Packaging);Syncplas (AV Packaging);;2020-01;2020-01;PE-PP;120;60;;
264;121;P20-042;O-XS-AC;O-ECO-AC-HF-RF-0-MCF-B&R-CE-4003N-NOSR;PAXXO;PAXXO;;2021-01;2021-01;PE-PP;120;60;;
265;87;P20-012;O-XS-AC;O-ECO-AC-TB;Barbier;Barbier;;2020-01;2020-01;PE-PP;120;60;;
266;25;P19-052;O-XS-HC;O-ECO-HC;Syncro USA / NORFLEX INC. - HUDSON;Syncro USA / NORFLEX INC. - HUDSON;;2019-01;2019-01;PE-PP;120;61;;
267;142;P21-022;O-XS-HC;O-ECO-HC-HF-0-MSC-CE-400/50-3N;ALNET;ALNET;;2021-01;2021-01;PE-PP;120;61;;
268;167;P21-042;O-XS-HC;O-ECO-HC-HF-0-MSC-CE-400/50-3N;A.M. PLASTICS AUTOMATION / Limatolla;A.M. PLASTICS AUTOMATION / Limatolla;;2022-01;2022-01;PE-PP;120;61;;
269;133;P21-013;O-XS-HC;O-ECO-HC-HF-RF-0-MCF-B&R-CE-480/60-3N-NOSR;Syncro USA / Polar Plastics;Syncro USA / Polar Plastics;;2021-01;2021-01;PE-PP;120;61;;
270;235;P22-034;O-XS-HC;O-ECO-HC-RF-V-HYD-B&R-CE-4003N-NOSR;LIPM / JASPLASTIK;LIPM / JASPLASTIK;;2022-01;2022-01;PE-PP;120;61;;
271;74;P19-053;O-XS-HC-V;O-ECO-HCV;Syncro USA / MidWest PolyPak;Syncro USA / MidWest PolyPak;;2020-01;2020-01;PE-PP;120;70;;
272;201;P22-014;O-XS-HC;O-ECO-HC-V-RF-MCF-CE-400-3N-NOSR;Tema Italia (ex Plasmac srl);Tema Italia (ex Plasmac srl);;2023-01;2023-01;PE-PP;120;61;;
273;224;P22-015;O-XS-HC;O-ECO-HC-V-RF-MCF-CE-400-3N-NOSR;TERDEX GMBH (ex Plasmac);TERDEX GMBH (ex Plasmac);;2022-01;2022-01;PE-PP;120;61;;
274;312;P23-034;O-L-HC;O-L-HC-MSC-CE-480V-60Hz-3-NOAB;TINFLEX SRL;TINFLEX SRL;;2023-01;2023-01;PE-PP;250;98;;
275;250;P22-049;O-L-HC;O-L-HC-V-HYD-CE-400/50-3N-NOSR;DNT NON WOVEN FABRICS S.A.;DNT NON WOVEN FABRICS S.A.;;2022-01;2022-01;PE-PP;250;98;;
276;251;P22-050;O-L-HC;O-L-HC-V-HYD-CE-400/50-3N-NOSR;Plasmac;Plasmac;;2022-01;2022-01;PE-PP;250;98;;
277;205;P22-013;O-L-HC;O-L-HC-V-MSC-CE-480/60-3N-NOSR;Syncro USA / Trico;Syncro USA / Trico;;2022-01;2022-01;PE-PP;250;98;;
278;335;P24-020;O-L-HC-V;O-L-HCV-MSC-RF-CE-440/60-3-NOAB;PROTERMO;PROTERMO;;2024-01;2024-01;PE-PP;250;124;;
279;314;P23-035;O-M-HC;O-M-HC-HYD-CE-400V-50Hz-3N-NOAB;CROTTI;CROTTI;;2024-01;2024-01;PE-PP;200;78;;
280;299;P23-023;O-M-HC;O-M-HC-V-ASC-CE-380/60-3N-NOSR;PIC (SAMDONG);PIC (SAMDONG);;2023-01;2023-01;PE-PP;200;78;;
281;249;P22-051;O-M-HC;O-M-HC-V-ASC-CE-400/50-3N-NOSR;Plasmac;Plasmac;;2022-01;2022-01;PE-PP;200;78;;
282;290;P23-009;O-M-HC;O-M-HC-V-ASC-CE-400/50-3N-NOSR;FLEXO S.A. (EX PLASMAC);FLEXO S.A. (EX PLASMAC);;2023-01;2023-01;PE-PP;200;78;;
283;282;P22-065;O-M-HC;O-M-HC-V-MSC-CE-400/50-3N-NOSR;DANAFILMS;DANAFILMS;;2023-01;2023-01;PE-PP;200;78;;
284;98;P20-026;O-PLUS-HC;O-PLUS;Polifilm Extrusion  ;Polifilm Extrusion  ;;2020-01;2020-01;PE-PP;400;213;;
285;136;P21-003;O-PLUS-HC;O-PLUS;Emtelle;Emtelle;;2021-01;2021-01;PE-PP;400;213;;
286;232;P22-036;O-PLUS-HC;O-PLUS-HC-RF-V-HYD-B&R-CE-4003N-NOSR;AMCZ / DRIGA;AMCZ / DRIGA;;2022-01;2022-01;PE-PP;400;213;;
287;292;P23-021;O-PLUS-HC;O-PLUS-HC-RF-V-HYD-CE--NOSR;SAMDONG INDUSTRIAL Co. ,Ltd;SAMDONG INDUSTRIAL Co. ,Ltd;;2023-01;2023-01;PE-PP;400;213;;
288;288;P23-014;O-S-HC;O-S-HC-V-EL-MSC-UL-480/60;Tema North America;Tema North America;;2023-01;2023-01;PE-PP;150;64;;
289;246;P22-046;O-S-HC;O-S-HC-V-MSC-CE-400/50-3N;PLASMAC SRL;PLASMAC SRL;;2022-01;2022-01;PE-PP;150;64;;
290;194;P22-003;O-XS-HC;O-XS-HC-0-0-MSC-CE-400/50-3N;Granger;Granger;;2024-01;2024-01;PE-PP;120;61;;
291;247;P22-047;O-XS-HC;O-XS-HC-RF-MSC-CE-400/50-3N;PLASMAC SRL;PLASMAC SRL;;2022-01;2022-01;PE-PP;120;61;;
292;193;P22-042;O-XS-HC;O-XS-HC-TB-RF-MSC-CE-4003N-NOSR;Trioworld Bottnaryd;Trioworld Bottnaryd;;2022-01;2022-01;PE-PP;120;61;;
